{"cameraMode":{"drawMode":0,"name":"Shaded","section":"Shading Mode"},"sceneLighting":true,"audioPlay":false,"sceneViewState":{"m_AlwaysRefresh":false,"showFog":true,"showSkybox":true,"showFlares":true,"showImageEffects":true,"showParticleSystems":true,"showVisualEffectGraphs":true,"m_FxEnabled":true},"in2DMode":false,"pivot":{"x":-15.480537414550782,"y":10.420583724975586,"z":-23.067781448364259},"rotation":{"x":0.07323077321052551,"y":0.07441548258066178,"z":-0.005485963076353073,"w":0.9945402145385742},"size":0.21852022409439088,"orthographic":false}