{"cameraMode":{"drawMode":0,"name":"Shaded","section":"Shading Mode"},"sceneLighting":true,"audioPlay":false,"sceneViewState":{"m_AlwaysRefresh":false,"showFog":true,"showSkybox":true,"showFlares":true,"showImageEffects":true,"showParticleSystems":true,"showVisualEffectGraphs":true,"m_FxEnabled":true},"in2DMode":false,"pivot":{"x":1.185535192489624,"y":10.903716087341309,"z":-25.27701187133789},"rotation":{"x":0.004496552515774965,"y":0.024900440126657487,"z":0.00020003780082333833,"w":-0.9997230172157288},"size":4.355027675628662,"orthographic":false}