{"cameraMode":{"drawMode":0,"name":"Shaded","section":"Shading Mode"},"sceneLighting":true,"audioPlay":false,"sceneViewState":{"m_AlwaysRefresh":false,"showFog":true,"showSkybox":true,"showFlares":true,"showImageEffects":true,"showParticleSystems":true,"showVisualEffectGraphs":true,"m_FxEnabled":true},"in2DMode":false,"pivot":{"x":-37.45973205566406,"y":13.093425750732422,"z":-1.1150612831115723},"rotation":{"x":-0.17047300934791566,"y":0.0020668390206992628,"z":-0.0003572849091142416,"w":-0.9853615760803223},"size":7.435924530029297,"orthographic":false}